seq_id,start_date,start_station,end_station,bike_nr,subscriber_type,zip_code,dob,gender
0,2022-01-13 09:27:00,Station_7,Station_5,1697,Customer,48048,1999,F
1,2022-01-16 04:43:00,Station_5,Station_3,1075,Customer,58122,1990,F
2,2022-01-22 21:56:00,Station_2,Station_9,1297,Subscriber,58622,1981,F
3,2022-01-25 16:53:00,Station_3,Station_2,1101,Customer,91271,1990,F
4,2022-01-23 13:36:00,Station_1,Station_3,1617,Customer,19343,1978,O
5,2022-01-02 16:18:00,Station_10,Station_1,1808,Customer,71586,1984,M
6,2022-01-13 00:02:00,Station_8,Station_6,1428,Subscriber,41312,1989,O
7,2022-01-28 18:03:00,Station_7,Station_7,1980,Subscriber,28276,1980,M
8,2022-01-06 08:38:00,Station_10,Station_5,1333,Subscriber,68579,1991,F
9,2022-01-29 08:13:00,Station_4,Station_5,1001,Subscriber,70245,1970,F
10,2022-01-29 22:37:00,Station_9,Station_2,1584,Subscriber,54568,1992,F
11,2022-01-01 20:05:00,Station_8,Station_5,1183,Subscriber,78735,1992,O
12,2022-01-24 21:16:00,Station_8,Station_1,1328,Subscriber,93372,1973,F
13,2022-01-24 23:51:00,Station_9,Station_4,1885,Subscriber,73289,1992,M
14,2022-01-04 14:12:00,Station_6,Station_1,1259,Subscriber,11740,1979,M
15,2022-01-01 11:00:00,Station_5,Station_8,1091,Subscriber,58645,1995,O
16,2022-01-14 21:44:00,Station_2,Station_5,1509,Customer,10780,1993,O
17,2022-01-29 08:09:00,Station_7,Station_8,1535,Subscriber,91533,1971,F
18,2022-01-22 07:15:00,Station_2,Station_3,1977,Customer,45031,1988,O
19,2022-01-29 18:34:00,Station_2,Station_6,1940,Customer,30896,1990,O
20,2022-01-15 10:32:00,Station_1,Station_2,1064,Customer,70117,1982,M
21,2022-01-16 17:10:00,Station_1,Station_9,1115,Subscriber,85441,1988,F
22,2022-01-17 10:50:00,Station_2,Station_10,1599,Customer,54620,1984,O
23,2022-01-14 20:33:00,Station_4,Station_10,1849,Subscriber,15187,1995,M
24,2022-01-20 04:39:00,Station_2,Station_1,1968,Customer,90053,1991,M
25,2022-01-28 16:15:00,Station_9,Station_9,1539,Customer,87524,1977,M
26,2022-01-16 22:08:00,Station_4,Station_4,1121,Customer,37798,1976,F
27,2022-01-01 05:06:00,Station_3,Station_3,1984,Subscriber,10793,1980,M
28,2022-01-20 15:18:00,Station_1,Station_6,1776,Subscriber,35098,1997,F
29,2022-01-19 13:28:00,Station_8,Station_7,1975,Subscriber,51907,1998,F
30,2022-01-12 16:16:00,Station_10,Station_9,1545,Customer,10016,1981,M
31,2022-01-19 15:00:00,Station_8,Station_8,1408,Customer,16865,1989,F
32,2022-01-17 12:00:00,Station_2,Station_9,1461,Subscriber,60527,1973,O
33,2022-01-08 14:33:00,Station_7,Station_10,1314,Customer,96795,1979,F
34,2022-01-22 21:40:00,Station_3,Station_10,1796,Customer,55902,1976,O
35,2022-01-05 19:03:00,Station_7,Station_9,1792,Subscriber,10150,1978,F
36,2022-01-18 22:20:00,Station_8,Station_8,1907,Customer,68781,1995,M
37,2022-01-14 12:50:00,Station_2,Station_6,1478,Subscriber,35049,1988,M
38,2022-01-30 00:45:00,Station_10,Station_4,1874,Subscriber,71018,1984,F
39,2022-01-28 14:38:00,Station_5,Station_6,1904,Subscriber,86278,1978,O
40,2022-01-05 16:47:00,Station_7,Station_9,1068,Customer,80336,1984,O
41,2022-01-22 20:41:00,Station_9,Station_2,1358,Customer,38133,1982,O
42,2022-01-27 01:06:00,Station_8,Station_8,1539,Customer,43603,1973,M
43,2022-01-30 11:47:00,Station_8,Station_10,1214,Customer,68359,1978,F
44,2022-01-05 08:03:00,Station_10,Station_3,1909,Customer,90726,1993,F
45,2022-01-14 15:22:00,Station_9,Station_1,1999,Subscriber,56200,1995,M
46,2022-01-17 21:18:00,Station_1,Station_10,1916,Customer,12324,1982,M
47,2022-01-17 15:14:00,Station_9,Station_10,1937,Subscriber,29410,1970,F
48,2022-01-22 19:45:00,Station_2,Station_9,1377,Subscriber,27603,1996,O
49,2022-01-14 15:22:00,Station_2,Station_2,1110,Customer,84437,1971,O
50,2022-01-27 23:04:00,Station_1,Station_3,1253,Subscriber,29518,1991,F
51,2022-01-30 08:20:00,Station_1,Station_9,1749,Subscriber,55231,1982,F
52,2022-01-12 06:49:00,Station_2,Station_3,1295,Customer,46562,1983,O
53,2022-01-16 23:25:00,Station_3,Station_9,1967,Customer,15001,1987,O
54,2022-01-23 03:35:00,Station_10,Station_8,1235,Subscriber,75256,1988,M
55,2022-01-18 13:29:00,Station_4,Station_6,1145,Customer,85441,1972,O
56,2022-01-12 23:05:00,Station_10,Station_3,1765,Subscriber,64308,1978,M
57,2022-01-19 13:51:00,Station_7,Station_5,1587,Subscriber,18759,1994,F
58,2022-01-28 19:51:00,Station_7,Station_5,1110,Customer,63073,1971,O
59,2022-01-20 00:17:00,Station_10,Station_6,1983,Subscriber,83177,1990,M
60,2022-01-07 18:41:00,Station_3,Station_3,1750,Subscriber,84974,1999,M
61,2022-01-25 09:10:00,Station_3,Station_7,1974,Customer,49470,1971,M
62,2022-01-09 19:58:00,Station_7,Station_3,1811,Customer,44335,1977,F
63,2022-01-17 14:43:00,Station_2,Station_10,1255,Subscriber,57331,1995,F
64,2022-01-16 10:47:00,Station_6,Station_1,1081,Subscriber,44915,1980,F
65,2022-01-16 19:34:00,Station_1,Station_9,1745,Subscriber,30684,1995,O
66,2022-01-08 08:29:00,Station_7,Station_3,1125,Subscriber,45494,1984,F
67,2022-01-27 07:05:00,Station_5,Station_7,1037,Subscriber,29636,1987,O
68,2022-01-27 11:01:00,Station_1,Station_10,1852,Subscriber,21949,1980,O
69,2022-01-18 10:51:00,Station_9,Station_7,1135,Subscriber,85350,1979,M
70,2022-01-28 08:06:00,Station_5,Station_4,1200,Subscriber,90110,1972,O
71,2022-01-26 05:07:00,Station_8,Station_8,1403,Customer,22747,1973,F
72,2022-01-03 19:09:00,Station_5,Station_8,1150,Subscriber,74071,1979,M
73,2022-01-19 22:51:00,Station_7,Station_3,1135,Customer,83825,1998,F
74,2022-01-07 23:32:00,Station_10,Station_9,1396,Customer,78624,1974,F
75,2022-01-29 04:20:00,Station_8,Station_1,1957,Customer,32843,1978,F
76,2022-01-11 13:03:00,Station_4,Station_6,1500,Subscriber,94495,1997,F
77,2022-01-20 09:11:00,Station_9,Station_1,1593,Subscriber,59445,1979,O
78,2022-01-24 15:11:00,Station_8,Station_6,1796,Customer,35260,1991,M
79,2022-01-23 01:06:00,Station_7,Station_8,1939,Subscriber,83244,1987,O
80,2022-01-02 11:05:00,Station_5,Station_5,1615,Subscriber,14428,1982,O
81,2022-01-05 12:50:00,Station_4,Station_3,1540,Customer,10159,1977,M
82,2022-01-22 08:13:00,Station_4,Station_5,1676,Customer,57627,1993,O
83,2022-01-26 15:00:00,Station_4,Station_4,1090,Subscriber,57230,1998,O
84,2022-01-29 18:06:00,Station_9,Station_7,1169,Customer,18502,1996,M
85,2022-01-23 09:15:00,Station_4,Station_6,1528,Customer,47222,1976,O
86,2022-01-21 20:10:00,Station_8,Station_1,1612,Subscriber,15671,1970,O
87,2022-01-15 06:32:00,Station_4,Station_7,1565,Subscriber,90089,1998,M
88,2022-01-05 11:23:00,Station_3,Station_10,1625,Subscriber,74098,1976,F
89,2022-01-30 14:59:00,Station_7,Station_9,1982,Customer,69425,1972,O
90,2022-01-04 14:21:00,Station_3,Station_2,1363,Subscriber,38322,1977,M
91,2022-01-15 05:42:00,Station_1,Station_9,1205,Customer,56522,1970,M
92,2022-01-25 16:31:00,Station_3,Station_10,1655,Subscriber,63446,1980,O
93,2022-01-12 16:52:00,Station_7,Station_9,1498,Customer,10606,1989,F
94,2022-01-11 02:14:00,Station_2,Station_9,1121,Customer,76607,1978,O
95,2022-01-16 12:22:00,Station_5,Station_5,1816,Subscriber,18799,1992,F
96,2022-01-02 15:47:00,Station_5,Station_10,1987,Subscriber,42217,1994,M
97,2022-01-28 07:28:00,Station_4,Station_9,1739,Customer,61828,1994,M
98,2022-01-01 17:43:00,Station_1,Station_9,1826,Subscriber,32196,1982,M
99,2022-01-18 22:08:00,Station_3,Station_4,1801,Customer,33387,1979,M
100,2022-01-18 13:30:00,Station_6,Station_4,1068,Subscriber,30652,1997,O
101,2022-01-29 11:04:00,Station_6,Station_10,1608,Customer,79678,1973,F
102,2022-01-15 10:07:00,Station_8,Station_4,1936,Subscriber,35151,1998,O
103,2022-01-28 10:32:00,Station_5,Station_7,1948,Subscriber,94088,1980,O
104,2022-01-12 05:46:00,Station_3,Station_2,1513,Customer,20161,1978,O
105,2022-01-25 02:50:00,Station_6,Station_1,1039,Customer,37265,1995,F
106,2022-01-13 18:23:00,Station_6,Station_3,1715,Subscriber,67490,1990,M
107,2022-01-08 00:39:00,Station_2,Station_1,1258,Customer,20533,1993,M
108,2022-01-07 21:55:00,Station_3,Station_7,1154,Customer,90554,1971,O
109,2022-01-29 03:42:00,Station_4,Station_2,1116,Subscriber,64720,1978,O
110,2022-01-27 13:26:00,Station_5,Station_7,1099,Customer,57680,1970,O
111,2022-01-27 02:44:00,Station_3,Station_3,1583,Subscriber,94930,1994,M
112,2022-01-08 10:17:00,Station_3,Station_5,1242,Customer,77424,1981,F
113,2022-01-12 17:31:00,Station_5,Station_9,1893,Customer,75412,1992,O
114,2022-01-21 09:09:00,Station_7,Station_6,1741,Subscriber,61255,1992,O
115,2022-01-26 01:30:00,Station_6,Station_5,1701,Customer,66739,1978,O
116,2022-01-26 12:11:00,Station_10,Station_6,1567,Subscriber,14548,1993,F
117,2022-01-01 14:59:00,Station_2,Station_7,1470,Subscriber,55613,1973,F
118,2022-01-30 16:25:00,Station_1,Station_8,1529,Customer,49874,1981,M
119,2022-01-03 04:22:00,Station_4,Station_1,1198,Customer,79067,1973,O
120,2022-01-08 04:56:00,Station_8,Station_7,1859,Subscriber,82512,1978,F
121,2022-01-15 01:04:00,Station_8,Station_10,1444,Customer,65806,1981,F
122,2022-01-11 11:19:00,Station_10,Station_7,1018,Customer,36618,1971,M
123,2022-01-01 19:12:00,Station_6,Station_2,1174,Subscriber,20752,1990,M
124,2022-01-08 15:15:00,Station_1,Station_10,1941,Customer,81422,1985,M
125,2022-01-05 16:57:00,Station_4,Station_1,1815,Subscriber,30676,2000,M
126,2022-01-26 13:53:00,Station_10,Station_5,1368,Customer,38484,1977,F
127,2022-01-29 17:50:00,Station_2,Station_6,1084,Subscriber,72137,1984,M
128,2022-01-18 03:49:00,Station_6,Station_8,1733,Customer,15631,1989,F
129,2022-01-25 17:46:00,Station_9,Station_1,1663,Subscriber,15722,1983,M
130,2022-01-30 06:16:00,Station_4,Station_4,1944,Subscriber,98145,1970,M
131,2022-01-19 20:49:00,Station_10,Station_7,1757,Subscriber,54024,1991,M
132,2022-01-07 21:32:00,Station_8,Station_2,1659,Customer,36177,1970,F
133,2022-01-24 14:36:00,Station_1,Station_5,1442,Subscriber,89309,1981,F
134,2022-01-02 10:11:00,Station_7,Station_7,1678,Customer,22599,1999,O
135,2022-01-12 16:09:00,Station_7,Station_3,1656,Subscriber,82769,1978,M
136,2022-01-03 23:20:00,Station_2,Station_10,1900,Customer,44282,1998,O
137,2022-01-04 22:00:00,Station_6,Station_7,1610,Customer,49593,1978,O
138,2022-01-26 06:50:00,Station_4,Station_7,1448,Customer,32594,1974,O
139,2022-01-20 21:42:00,Station_1,Station_8,1027,Customer,83486,1991,M
140,2022-01-27 09:53:00,Station_1,Station_1,1132,Subscriber,79286,1970,M
141,2022-01-02 06:39:00,Station_9,Station_6,1989,Customer,74332,1994,F
142,2022-01-06 13:24:00,Station_1,Station_3,1550,Subscriber,61253,1974,F
143,2022-01-02 07:02:00,Station_5,Station_2,1148,Subscriber,74357,1995,M
144,2022-01-27 11:14:00,Station_9,Station_1,1326,Customer,19124,1990,F
145,2022-01-10 23:42:00,Station_1,Station_9,1987,Customer,14881,1979,O
146,2022-01-04 19:28:00,Station_3,Station_1,1432,Subscriber,38269,1979,O
147,2022-01-24 22:02:00,Station_1,Station_4,1098,Subscriber,15263,1981,M
148,2022-01-09 17:58:00,Station_6,Station_10,1294,Customer,65017,1991,O
149,2022-01-26 15:07:00,Station_3,Station_4,1153,Subscriber,88828,1987,F
150,2022-01-23 00:58:00,Station_4,Station_4,1874,Customer,32264,1993,M
151,2022-01-21 13:02:00,Station_5,Station_1,1162,Subscriber,79738,1971,M
152,2022-01-25 23:30:00,Station_2,Station_4,1794,Subscriber,85101,1984,O
153,2022-01-23 09:25:00,Station_8,Station_6,1355,Customer,47024,1976,F
154,2022-01-07 04:03:00,Station_8,Station_8,1399,Subscriber,69598,1981,O
155,2022-01-15 19:57:00,Station_10,Station_3,1857,Subscriber,44395,1972,M
156,2022-01-26 13:14:00,Station_4,Station_1,1479,Subscriber,21709,1987,M
157,2022-01-02 02:33:00,Station_8,Station_6,1022,Subscriber,89327,1972,M
158,2022-01-09 22:30:00,Station_6,Station_1,1411,Customer,83890,1996,M
159,2022-01-21 05:49:00,Station_8,Station_7,1459,Subscriber,22074,1983,F
160,2022-01-22 21:53:00,Station_8,Station_10,1802,Subscriber,54725,1986,F
161,2022-01-22 13:05:00,Station_9,Station_4,1194,Customer,51367,1973,O
162,2022-01-25 20:54:00,Station_1,Station_2,1561,Subscriber,87389,1992,F
163,2022-01-22 11:55:00,Station_10,Station_4,1770,Customer,92419,1989,F
164,2022-01-23 14:06:00,Station_5,Station_6,1360,Customer,94727,1983,O
165,2022-01-03 13:52:00,Station_6,Station_2,1342,Subscriber,19597,1998,F
166,2022-01-15 22:34:00,Station_8,Station_7,1255,Subscriber,59590,1977,F
167,2022-01-03 10:06:00,Station_9,Station_5,1278,Subscriber,33778,1970,M
168,2022-01-15 14:45:00,Station_10,Station_5,1915,Customer,60709,1982,M
169,2022-01-19 02:55:00,Station_8,Station_1,1902,Subscriber,59909,1986,O
170,2022-01-25 19:11:00,Station_4,Station_7,1243,Customer,14916,1983,O
171,2022-01-14 04:36:00,Station_3,Station_8,1281,Customer,39808,1997,F
172,2022-01-22 13:37:00,Station_7,Station_5,1745,Subscriber,36457,1972,F
173,2022-01-08 00:14:00,Station_4,Station_4,1272,Customer,15621,1987,F
174,2022-01-28 12:13:00,Station_8,Station_2,1989,Subscriber,79071,1972,O
175,2022-01-15 06:45:00,Station_5,Station_6,1313,Customer,20779,1977,M
176,2022-01-14 00:40:00,Station_8,Station_3,1528,Customer,22308,1992,F
177,2022-01-10 21:18:00,Station_2,Station_7,1474,Customer,39444,1994,F
178,2022-01-18 12:17:00,Station_3,Station_8,1995,Subscriber,88125,1995,O
179,2022-01-23 01:13:00,Station_5,Station_6,1412,Subscriber,41323,1998,O
180,2022-01-02 06:20:00,Station_9,Station_4,1513,Customer,58012,1994,F
181,2022-01-29 12:02:00,Station_2,Station_5,1483,Customer,95125,1991,F
182,2022-01-02 02:19:00,Station_5,Station_1,1505,Subscriber,46982,1975,M
183,2022-01-29 04:52:00,Station_5,Station_4,1366,Subscriber,11873,1999,M
184,2022-01-07 15:21:00,Station_1,Station_4,1234,Customer,26574,1991,M
185,2022-01-18 13:17:00,Station_3,Station_4,1566,Subscriber,24342,1977,O
186,2022-01-05 08:16:00,Station_10,Station_1,1597,Subscriber,15331,1972,M
187,2022-01-15 09:33:00,Station_8,Station_8,1225,Customer,22871,1974,M
188,2022-01-14 14:52:00,Station_10,Station_3,1904,Customer,17866,1982,O
189,2022-01-02 06:20:00,Station_1,Station_1,1297,Customer,90652,1999,M
190,2022-01-09 22:10:00,Station_8,Station_6,1639,Customer,58779,2000,M
191,2022-01-04 18:13:00,Station_6,Station_8,1032,Subscriber,16158,1975,M
192,2022-01-30 03:58:00,Station_5,Station_10,1562,Customer,50504,1984,M
193,2022-01-21 08:31:00,Station_4,Station_5,1223,Customer,50921,1979,O
194,2022-01-06 19:18:00,Station_10,Station_9,1611,Subscriber,65236,1996,O
195,2022-01-08 16:49:00,Station_9,Station_1,1146,Customer,61805,1976,O
196,2022-01-30 08:21:00,Station_8,Station_5,1209,Customer,95814,1974,M
197,2022-01-08 09:13:00,Station_10,Station_6,1404,Subscriber,52416,1976,O
198,2022-01-09 10:19:00,Station_7,Station_8,1107,Subscriber,24695,1990,F
199,2022-01-16 19:58:00,Station_4,Station_1,1363,Subscriber,61527,1980,O
200,2022-01-30 17:27:00,Station_4,Station_6,1771,Customer,37361,1983,O
201,2022-01-27 11:33:00,Station_5,Station_5,1685,Subscriber,25224,1972,F
202,2022-01-04 04:20:00,Station_2,Station_8,1710,Subscriber,20501,1989,F
203,2022-01-13 03:04:00,Station_6,Station_1,1135,Customer,55162,1988,F
204,2022-01-12 16:44:00,Station_6,Station_4,1827,Customer,94549,1976,O
205,2022-01-17 05:33:00,Station_6,Station_8,1510,Subscriber,90733,1998,O
206,2022-01-14 12:31:00,Station_8,Station_8,1066,Customer,52053,1994,F
207,2022-01-14 12:47:00,Station_9,Station_4,1557,Customer,38299,1996,F
208,2022-01-28 11:42:00,Station_3,Station_9,1980,Customer,78487,1989,F
209,2022-01-02 04:12:00,Station_6,Station_5,1943,Subscriber,48327,1977,F
210,2022-01-15 05:56:00,Station_3,Station_8,1030,Subscriber,50932,1990,M
211,2022-01-27 02:12:00,Station_3,Station_10,1143,Customer,64389,1983,F
212,2022-01-05 20:43:00,Station_3,Station_4,1076,Subscriber,70259,1980,F
213,2022-01-09 07:58:00,Station_3,Station_10,1106,Customer,14505,2000,M
214,2022-01-29 15:27:00,Station_5,Station_9,1580,Customer,64429,1984,O
215,2022-01-19 03:37:00,Station_7,Station_3,1407,Subscriber,47803,1980,O
216,2022-01-24 13:39:00,Station_3,Station_7,1320,Subscriber,34342,1980,O
217,2022-01-19 23:23:00,Station_6,Station_2,1110,Subscriber,33691,1989,F
218,2022-01-22 13:42:00,Station_3,Station_7,1450,Subscriber,93710,1981,F
219,2022-01-30 01:47:00,Station_10,Station_5,1938,Customer,63117,1988,M
220,2022-01-10 22:39:00,Station_4,Station_8,1611,Customer,60077,1975,M
221,2022-01-26 20:30:00,Station_6,Station_3,1182,Customer,71274,1973,O
222,2022-01-08 19:18:00,Station_9,Station_10,1796,Customer,54217,1974,O
223,2022-01-02 11:04:00,Station_4,Station_3,1928,Subscriber,28288,1991,M
224,2022-01-10 17:39:00,Station_5,Station_5,1026,Subscriber,96835,1996,O
225,2022-01-28 22:09:00,Station_10,Station_9,1559,Subscriber,78528,1972,O
226,2022-01-28 00:18:00,Station_3,Station_8,1899,Subscriber,96641,1970,F
227,2022-01-26 01:02:00,Station_7,Station_8,1348,Customer,54464,1988,M
228,2022-01-20 10:03:00,Station_7,Station_3,1061,Subscriber,49140,1982,F
229,2022-01-19 12:45:00,Station_10,Station_6,1776,Customer,38396,1977,M
230,2022-01-07 12:42:00,Station_10,Station_9,1341,Customer,87395,1993,O
231,2022-01-08 16:35:00,Station_5,Station_7,1844,Subscriber,18885,1986,O
232,2022-01-15 12:14:00,Station_1,Station_10,1309,Customer,52186,1983,O
233,2022-01-28 00:09:00,Station_3,Station_2,1181,Subscriber,78087,1992,F
234,2022-01-16 19:26:00,Station_1,Station_3,1797,Subscriber,76992,1978,F
235,2022-01-12 22:26:00,Station_9,Station_5,1401,Subscriber,37835,1988,O
236,2022-01-27 08:07:00,Station_7,Station_3,1457,Subscriber,66186,1998,F
237,2022-01-25 14:01:00,Station_2,Station_7,1484,Customer,22670,1973,F
238,2022-01-12 00:54:00,Station_8,Station_8,1055,Subscriber,58168,1970,O
239,2022-01-26 20:58:00,Station_5,Station_2,1127,Customer,35811,1994,F
240,2022-01-18 16:26:00,Station_7,Station_8,1678,Subscriber,43999,1989,O
241,2022-01-15 10:34:00,Station_10,Station_2,1785,Subscriber,47981,1980,M
242,2022-01-25 01:21:00,Station_7,Station_9,1072,Customer,27887,1997,F
243,2022-01-02 02:21:00,Station_2,Station_10,1579,Customer,62899,1994,F
244,2022-01-04 02:07:00,Station_10,Station_5,1411,Customer,62397,1972,F
245,2022-01-13 05:47:00,Station_10,Station_4,1457,Subscriber,28977,1994,O
246,2022-01-15 18:25:00,Station_8,Station_10,1479,Subscriber,15147,1991,F
247,2022-01-22 11:43:00,Station_6,Station_9,1367,Subscriber,24877,1990,M
248,2022-01-03 11:53:00,Station_2,Station_1,1143,Customer,22980,1984,M
249,2022-01-26 19:50:00,Station_7,Station_6,1884,Customer,47134,1988,O
250,2022-01-25 01:52:00,Station_1,Station_1,1199,Subscriber,99452,1999,M
251,2022-01-18 00:49:00,Station_3,Station_8,1892,Subscriber,74523,1988,F
252,2022-01-25 03:35:00,Station_10,Station_10,1043,Customer,71629,1976,F
253,2022-01-05 22:24:00,Station_4,Station_2,1117,Subscriber,61446,1997,F
254,2022-01-30 21:49:00,Station_10,Station_10,1629,Subscriber,25052,1973,O
255,2022-01-26 07:17:00,Station_6,Station_7,1281,Customer,71260,1977,M
256,2022-01-29 23:13:00,Station_7,Station_7,1035,Subscriber,13891,1971,M
257,2022-01-13 11:44:00,Station_5,Station_4,1405,Customer,56061,1971,O
258,2022-01-27 04:16:00,Station_7,Station_6,1486,Customer,47728,1994,O
259,2022-01-23 03:55:00,Station_9,Station_1,1360,Customer,18899,1973,F
260,2022-01-03 12:48:00,Station_2,Station_10,1178,Subscriber,15827,1990,F
261,2022-01-07 19:33:00,Station_6,Station_5,1659,Subscriber,81302,1991,M
262,2022-01-02 23:27:00,Station_3,Station_8,1728,Customer,81263,1995,M
263,2022-01-30 11:35:00,Station_6,Station_3,1898,Subscriber,31296,1989,F
264,2022-01-28 12:24:00,Station_8,Station_3,1338,Subscriber,45978,1974,O
265,2022-01-03 20:37:00,Station_3,Station_4,1756,Customer,61174,1973,F
266,2022-01-22 12:09:00,Station_5,Station_9,1962,Customer,46011,1973,F
267,2022-01-06 08:06:00,Station_3,Station_8,1663,Subscriber,28213,1990,F
268,2022-01-05 19:53:00,Station_2,Station_4,1538,Subscriber,36245,1998,O
269,2022-01-01 08:44:00,Station_6,Station_8,1020,Subscriber,11565,1999,F
270,2022-01-16 18:51:00,Station_7,Station_10,1816,Customer,59160,1990,F
271,2022-01-11 09:49:00,Station_7,Station_5,1210,Customer,18579,1981,F
272,2022-01-16 08:48:00,Station_2,Station_6,1263,Customer,32415,1987,F
273,2022-01-12 16:49:00,Station_10,Station_2,1390,Customer,63663,1987,M
274,2022-01-02 06:02:00,Station_4,Station_6,1413,Customer,39169,1985,F
275,2022-01-15 08:27:00,Station_5,Station_9,1617,Subscriber,36384,1975,M
276,2022-01-25 20:40:00,Station_7,Station_4,1004,Customer,44874,1987,O
277,2022-01-11 07:54:00,Station_3,Station_7,1722,Subscriber,90337,1976,O
278,2022-01-20 21:59:00,Station_4,Station_3,1366,Customer,96740,1987,M
279,2022-01-13 11:12:00,Station_8,Station_7,1903,Customer,11463,1995,M
280,2022-01-22 04:53:00,Station_9,Station_8,1144,Customer,50286,1972,F
281,2022-01-08 14:59:00,Station_5,Station_3,1027,Customer,41676,1988,M
282,2022-01-17 00:23:00,Station_6,Station_1,1158,Customer,66579,1971,O
283,2022-01-10 21:26:00,Station_8,Station_3,1556,Subscriber,97949,1992,O
284,2022-01-15 17:48:00,Station_4,Station_5,1737,Subscriber,64678,1999,F
285,2022-01-04 17:59:00,Station_8,Station_3,1949,Subscriber,48474,1979,M
286,2022-01-25 01:17:00,Station_6,Station_9,1681,Subscriber,84384,1995,F
287,2022-01-03 20:23:00,Station_4,Station_3,1087,Subscriber,94183,1982,F
288,2022-01-20 07:20:00,Station_1,Station_5,1559,Subscriber,93955,1984,M
289,2022-01-28 09:23:00,Station_7,Station_2,1186,Customer,44943,1986,M
290,2022-01-25 09:25:00,Station_6,Station_2,1546,Subscriber,33466,1970,O
291,2022-01-14 09:09:00,Station_7,Station_1,1621,Subscriber,25951,1978,F
292,2022-01-30 20:24:00,Station_10,Station_7,1735,Subscriber,30575,1985,M
293,2022-01-11 00:53:00,Station_5,Station_2,1470,Subscriber,68515,1977,F
294,2022-01-30 21:12:00,Station_7,Station_6,1216,Customer,99701,1978,O
295,2022-01-26 14:08:00,Station_4,Station_1,1240,Subscriber,87537,1981,M
296,2022-01-01 02:39:00,Station_10,Station_3,1865,Customer,79570,1998,O
297,2022-01-28 08:31:00,Station_10,Station_7,1905,Customer,78042,1974,F
298,2022-01-23 22:38:00,Station_7,Station_1,1291,Subscriber,32754,1982,O
299,2022-01-29 16:27:00,Station_9,Station_3,1838,Customer,33762,1976,O
300,2022-01-17 04:17:00,Station_4,Station_2,1254,Subscriber,47580,1998,O
301,2022-01-20 23:52:00,Station_9,Station_5,1317,Customer,34517,2000,F
302,2022-01-02 11:29:00,Station_3,Station_10,1972,Customer,86838,1993,O
303,2022-01-07 15:48:00,Station_8,Station_7,1004,Subscriber,70803,1984,F
304,2022-01-10 23:40:00,Station_5,Station_7,1129,Customer,44182,1976,O
305,2022-01-06 12:50:00,Station_10,Station_5,1570,Subscriber,68561,1975,O
306,2022-01-09 11:53:00,Station_4,Station_4,1802,Subscriber,42866,1992,O
307,2022-01-17 20:31:00,Station_10,Station_1,1114,Subscriber,89030,1979,O
308,2022-01-17 03:14:00,Station_7,Station_10,1500,Customer,68997,1977,M
309,2022-01-11 13:21:00,Station_6,Station_8,1269,Customer,28497,1977,O
310,2022-01-25 23:42:00,Station_1,Station_10,1388,Customer,86235,1985,O
311,2022-01-05 13:56:00,Station_3,Station_10,1807,Customer,56528,1971,M
312,2022-01-06 08:36:00,Station_6,Station_2,1657,Customer,35552,1995,F
313,2022-01-05 10:08:00,Station_8,Station_1,1371,Customer,29254,1989,O
314,2022-01-18 02:23:00,Station_7,Station_6,1667,Subscriber,79367,1991,O
315,2022-01-22 14:32:00,Station_10,Station_6,1966,Customer,46856,1975,F
316,2022-01-03 04:17:00,Station_7,Station_1,1864,Subscriber,42696,1981,O
317,2022-01-05 09:09:00,Station_5,Station_2,1623,Subscriber,97603,1998,M
318,2022-01-28 13:25:00,Station_4,Station_4,1082,Customer,39105,1972,F
319,2022-01-08 21:13:00,Station_9,Station_3,1582,Customer,93326,1991,F
320,2022-01-23 20:35:00,Station_1,Station_7,1999,Subscriber,67999,2000,F
321,2022-01-17 15:38:00,Station_1,Station_7,1172,Subscriber,73487,1979,M
322,2022-01-23 07:44:00,Station_10,Station_7,1512,Customer,67613,1989,M
323,2022-01-07 06:19:00,Station_1,Station_3,1483,Customer,48354,1985,F
324,2022-01-13 19:54:00,Station_8,Station_7,1670,Customer,28139,1973,M
325,2022-01-11 05:35:00,Station_9,Station_4,1356,Customer,23178,1982,F
326,2022-01-01 00:07:00,Station_6,Station_9,1881,Customer,52739,1986,F
327,2022-01-23 07:06:00,Station_9,Station_5,1698,Subscriber,83501,1982,O
328,2022-01-13 15:38:00,Station_2,Station_7,1893,Subscriber,11545,1992,M
329,2022-01-10 14:14:00,Station_5,Station_1,1254,Subscriber,45518,1976,M
330,2022-01-23 05:52:00,Station_5,Station_4,1726,Customer,25034,1984,M
331,2022-01-30 17:39:00,Station_5,Station_7,1755,Subscriber,46106,1988,F
332,2022-01-26 22:23:00,Station_7,Station_4,1610,Customer,68990,1996,F
333,2022-01-29 05:00:00,Station_7,Station_8,1105,Subscriber,12047,1987,F
334,2022-01-29 21:27:00,Station_10,Station_9,1951,Customer,73004,1994,M
335,2022-01-29 23:00:00,Station_4,Station_8,1285,Subscriber,26313,1999,M
336,2022-01-04 11:25:00,Station_10,Station_5,1535,Subscriber,75273,1990,F
337,2022-01-09 04:44:00,Station_6,Station_5,1606,Customer,42937,1985,O
338,2022-01-10 03:13:00,Station_2,Station_4,1877,Subscriber,25046,1985,F
339,2022-01-25 03:16:00,Station_3,Station_7,1563,Subscriber,76749,1971,M
340,2022-01-30 03:47:00,Station_6,Station_1,1339,Subscriber,14176,1970,M
341,2022-01-22 16:30:00,Station_3,Station_9,1013,Subscriber,14928,1988,O
342,2022-01-25 13:26:00,Station_9,Station_3,1213,Customer,32046,1992,F
343,2022-01-14 18:06:00,Station_10,Station_8,1433,Customer,35944,1981,O
344,2022-01-06 10:59:00,Station_1,Station_8,1996,Customer,44036,1977,O
345,2022-01-20 10:49:00,Station_1,Station_10,1927,Subscriber,93961,1995,M
346,2022-01-04 02:27:00,Station_5,Station_4,1467,Customer,48481,1987,O
347,2022-01-08 11:07:00,Station_3,Station_6,1562,Customer,63764,1972,F
348,2022-01-20 07:52:00,Station_3,Station_6,1339,Customer,92436,1994,M
349,2022-01-29 14:38:00,Station_9,Station_5,1887,Customer,84633,1986,O
350,2022-01-26 16:53:00,Station_10,Station_7,1660,Customer,89984,1997,F
351,2022-01-30 04:12:00,Station_1,Station_5,1467,Subscriber,23111,1978,M
352,2022-01-16 05:01:00,Station_2,Station_6,1530,Customer,55799,1994,M
353,2022-01-22 09:45:00,Station_7,Station_9,1227,Customer,43901,1997,O
354,2022-01-18 01:08:00,Station_2,Station_6,1711,Subscriber,79607,1999,M
355,2022-01-17 06:54:00,Station_1,Station_7,1206,Customer,60771,1990,F
356,2022-01-18 19:27:00,Station_1,Station_1,1332,Customer,41775,1997,O
357,2022-01-20 19:13:00,Station_7,Station_2,1685,Subscriber,37421,1981,M
358,2022-01-24 05:01:00,Station_4,Station_3,1561,Subscriber,73800,1971,O
359,2022-01-19 22:52:00,Station_3,Station_4,1318,Subscriber,27189,1988,F
360,2022-01-05 17:47:00,Station_6,Station_7,1826,Subscriber,91651,1995,M
361,2022-01-05 20:33:00,Station_7,Station_1,1792,Customer,76112,1981,M
362,2022-01-02 07:59:00,Station_4,Station_6,1358,Customer,63272,1989,O
363,2022-01-02 03:50:00,Station_4,Station_8,1519,Customer,68293,1990,F
364,2022-01-24 08:33:00,Station_1,Station_1,1465,Subscriber,45515,1971,F
365,2022-01-01 20:40:00,Station_3,Station_3,1162,Customer,69742,1992,M
366,2022-01-02 02:49:00,Station_6,Station_5,1308,Customer,93181,1996,M
367,2022-01-26 22:05:00,Station_6,Station_10,1574,Customer,35146,1991,F
368,2022-01-25 02:49:00,Station_5,Station_5,1604,Customer,43210,1981,M
369,2022-01-09 23:31:00,Station_9,Station_10,1908,Subscriber,35407,1996,F
370,2022-01-25 21:09:00,Station_8,Station_9,1536,Customer,56931,1970,F
371,2022-01-23 21:47:00,Station_7,Station_3,1075,Subscriber,12898,1989,O
372,2022-01-18 08:09:00,Station_6,Station_1,1602,Customer,58608,2000,M
373,2022-01-15 07:26:00,Station_10,Station_8,1890,Customer,74687,1986,M
374,2022-01-26 06:40:00,Station_6,Station_7,1942,Subscriber,81835,1976,F
375,2022-01-18 20:15:00,Station_8,Station_10,1365,Subscriber,51639,1999,M
376,2022-01-24 20:34:00,Station_8,Station_6,1806,Customer,79996,1978,O
377,2022-01-02 14:50:00,Station_4,Station_2,1961,Subscriber,81766,1977,F
378,2022-01-03 20:27:00,Station_3,Station_3,1571,Customer,47970,1973,F
379,2022-01-02 00:44:00,Station_7,Station_9,1860,Subscriber,16126,1995,O
380,2022-01-27 03:00:00,Station_5,Station_3,1081,Subscriber,91423,1982,M
381,2022-01-21 00:54:00,Station_4,Station_10,1660,Customer,94205,1990,F
382,2022-01-09 10:24:00,Station_5,Station_5,1627,Customer,93537,1993,M
383,2022-01-26 20:28:00,Station_10,Station_7,1330,Customer,18356,1982,O
384,2022-01-11 00:00:00,Station_8,Station_2,1076,Subscriber,21331,1996,O
385,2022-01-30 00:09:00,Station_6,Station_8,1497,Subscriber,87982,1984,M
386,2022-01-11 15:33:00,Station_5,Station_9,1160,Customer,57135,1999,M
387,2022-01-05 02:55:00,Station_3,Station_8,1575,Subscriber,79915,1981,O
388,2022-01-02 18:57:00,Station_6,Station_6,1288,Customer,57371,1971,O
389,2022-01-12 18:34:00,Station_8,Station_2,1774,Customer,78612,1994,M
390,2022-01-07 08:12:00,Station_7,Station_8,1890,Customer,70401,1983,O
391,2022-01-30 12:10:00,Station_8,Station_9,1900,Subscriber,11376,1977,O
392,2022-01-03 03:13:00,Station_2,Station_10,1315,Customer,17078,1971,F
393,2022-01-03 04:59:00,Station_4,Station_5,1819,Subscriber,22115,1994,O
394,2022-01-02 07:17:00,Station_6,Station_5,1584,Subscriber,35836,1971,O
395,2022-01-17 05:41:00,Station_10,Station_1,1896,Subscriber,86236,1981,O
396,2022-01-25 22:44:00,Station_4,Station_1,1993,Customer,83685,1970,M
397,2022-01-09 10:08:00,Station_9,Station_1,1875,Customer,21452,1988,F
398,2022-01-27 02:36:00,Station_6,Station_7,1073,Customer,63180,1982,M
399,2022-01-27 20:13:00,Station_8,Station_4,1607,Customer,95992,2000,M
400,2022-01-13 17:25:00,Station_9,Station_9,1670,Subscriber,18003,1987,O
401,2022-01-03 05:13:00,Station_7,Station_9,1552,Customer,15747,1996,F
402,2022-01-22 22:53:00,Station_4,Station_6,1503,Customer,11497,1999,O
403,2022-01-02 11:16:00,Station_9,Station_2,1413,Customer,63349,1995,O
404,2022-01-02 21:23:00,Station_8,Station_8,1238,Customer,94317,1995,F
405,2022-01-22 06:10:00,Station_6,Station_4,1901,Customer,15309,1980,F
406,2022-01-22 11:01:00,Station_10,Station_5,1450,Customer,35479,1976,F
407,2022-01-13 18:36:00,Station_9,Station_5,1095,Customer,29204,1990,F
408,2022-01-12 14:02:00,Station_6,Station_5,1309,Customer,41837,1983,O
409,2022-01-15 23:58:00,Station_10,Station_7,1549,Subscriber,67313,1997,M
410,2022-01-16 03:44:00,Station_2,Station_6,1900,Subscriber,29932,1982,O
411,2022-01-18 22:13:00,Station_7,Station_5,1748,Customer,78360,1995,F
412,2022-01-24 16:32:00,Station_6,Station_5,1185,Subscriber,20416,1983,F
413,2022-01-13 20:04:00,Station_7,Station_2,1765,Subscriber,30308,1978,O
414,2022-01-27 11:00:00,Station_8,Station_9,1727,Customer,85636,1974,F
415,2022-01-19 20:50:00,Station_3,Station_6,1901,Customer,84028,2000,F
416,2022-01-22 14:17:00,Station_4,Station_4,1782,Customer,90870,1987,M
417,2022-01-10 12:38:00,Station_9,Station_1,1752,Customer,28118,1970,O
418,2022-01-14 07:54:00,Station_7,Station_3,1936,Subscriber,29102,1991,O
419,2022-01-24 23:31:00,Station_7,Station_8,1099,Subscriber,76795,1981,M
420,2022-01-30 13:46:00,Station_10,Station_9,1250,Customer,80442,1981,M
421,2022-01-06 20:41:00,Station_2,Station_4,1262,Subscriber,43426,1973,F
422,2022-01-04 06:38:00,Station_3,Station_7,1406,Customer,86262,1993,M
423,2022-01-27 13:12:00,Station_1,Station_5,1537,Customer,47211,1983,M
424,2022-01-15 00:30:00,Station_2,Station_2,1277,Customer,55567,1997,M
425,2022-01-10 04:17:00,Station_9,Station_3,1404,Subscriber,13555,1996,F
426,2022-01-06 15:43:00,Station_7,Station_2,1076,Subscriber,90572,1972,M
427,2022-01-25 10:53:00,Station_7,Station_1,1187,Subscriber,61933,1993,O
428,2022-01-21 23:14:00,Station_1,Station_5,1330,Subscriber,74230,1986,O
429,2022-01-01 07:15:00,Station_7,Station_7,1840,Subscriber,14507,1991,O
430,2022-01-19 04:42:00,Station_6,Station_9,1852,Subscriber,84220,1994,F
431,2022-01-09 10:09:00,Station_8,Station_8,1167,Customer,97564,1994,F
432,2022-01-15 17:55:00,Station_5,Station_2,1426,Customer,28868,1981,F
433,2022-01-13 20:08:00,Station_3,Station_10,1337,Customer,21724,1998,O
434,2022-01-23 11:46:00,Station_4,Station_1,1757,Subscriber,30446,1993,F
435,2022-01-09 07:43:00,Station_3,Station_6,1472,Subscriber,12567,1981,O
436,2022-01-19 04:22:00,Station_3,Station_8,1391,Subscriber,98342,1984,F
437,2022-01-29 14:20:00,Station_7,Station_7,1669,Subscriber,65439,1975,O
438,2022-01-27 04:37:00,Station_7,Station_10,1326,Customer,80320,1985,F
439,2022-01-28 10:44:00,Station_3,Station_8,1653,Subscriber,21205,1987,F
440,2022-01-05 16:57:00,Station_7,Station_1,1025,Subscriber,10868,1991,M
441,2022-01-26 08:31:00,Station_1,Station_10,1283,Customer,84630,1989,O
442,2022-01-30 01:39:00,Station_8,Station_10,1127,Subscriber,63236,1994,O
443,2022-01-30 13:58:00,Station_7,Station_6,1457,Subscriber,73832,1985,F
444,2022-01-01 21:52:00,Station_2,Station_6,1279,Subscriber,43778,1978,O
445,2022-01-06 16:28:00,Station_5,Station_4,1456,Customer,79440,1993,F
446,2022-01-16 14:50:00,Station_10,Station_1,1640,Subscriber,48115,1971,F
447,2022-01-13 02:48:00,Station_4,Station_5,1137,Customer,52950,1987,M
448,2022-01-01 17:59:00,Station_7,Station_9,1341,Subscriber,99917,1980,F
449,2022-01-30 08:51:00,Station_3,Station_2,1012,Subscriber,45743,1995,M
450,2022-01-28 06:49:00,Station_4,Station_4,1062,Customer,30064,1979,F
451,2022-01-08 17:22:00,Station_1,Station_6,1711,Customer,65570,1994,F
452,2022-01-16 09:21:00,Station_1,Station_2,1014,Customer,64673,1972,M
453,2022-01-01 20:50:00,Station_2,Station_7,1164,Customer,31956,1984,O
454,2022-01-23 06:45:00,Station_8,Station_1,1721,Subscriber,60959,1978,M
455,2022-01-17 08:23:00,Station_2,Station_2,1115,Subscriber,79672,1979,F
456,2022-01-05 04:21:00,Station_4,Station_5,1555,Customer,93158,1976,F
457,2022-01-04 18:54:00,Station_8,Station_10,1013,Customer,90259,1980,O
458,2022-01-23 12:14:00,Station_6,Station_1,1681,Subscriber,39424,1974,O
459,2022-01-17 08:27:00,Station_10,Station_1,1736,Customer,25828,1982,F
460,2022-01-22 04:08:00,Station_10,Station_8,1418,Customer,36916,1988,M
461,2022-01-10 05:15:00,Station_6,Station_6,1335,Customer,21758,1987,F
462,2022-01-25 01:08:00,Station_10,Station_10,1762,Subscriber,26173,1994,F
463,2022-01-13 23:53:00,Station_9,Station_9,1002,Customer,14815,1987,F
464,2022-01-29 11:04:00,Station_8,Station_8,1345,Subscriber,81256,1989,M
465,2022-01-16 00:54:00,Station_9,Station_6,1791,Subscriber,58464,1985,O
466,2022-01-23 14:23:00,Station_9,Station_3,1611,Customer,63012,1999,F
467,2022-01-28 20:56:00,Station_3,Station_4,1060,Customer,45452,1976,O
468,2022-01-02 15:13:00,Station_6,Station_2,1268,Subscriber,54605,1989,M
469,2022-01-10 17:54:00,Station_1,Station_5,1990,Customer,63927,1996,O
470,2022-01-17 05:21:00,Station_4,Station_10,1315,Subscriber,56191,1994,O
471,2022-01-18 16:28:00,Station_8,Station_4,1044,Customer,87475,1971,O
472,2022-01-25 17:09:00,Station_10,Station_10,1046,Customer,77998,1983,M
473,2022-01-15 09:57:00,Station_5,Station_7,1013,Customer,48368,1999,O
474,2022-01-09 22:42:00,Station_3,Station_7,1869,Subscriber,68259,1981,M
475,2022-01-24 22:24:00,Station_1,Station_9,1201,Customer,99907,1985,M
476,2022-01-12 21:31:00,Station_7,Station_8,1186,Customer,63854,1990,O
477,2022-01-09 17:21:00,Station_4,Station_8,1817,Customer,78200,1983,M
478,2022-01-01 05:41:00,Station_9,Station_7,1038,Customer,67543,1999,M
479,2022-01-28 21:57:00,Station_2,Station_2,1594,Subscriber,63635,1999,O
480,2022-01-08 05:25:00,Station_9,Station_6,1381,Subscriber,33890,1992,F
481,2022-01-12 17:08:00,Station_4,Station_2,1894,Subscriber,35459,1975,M
482,2022-01-26 18:19:00,Station_2,Station_10,1724,Subscriber,83800,1985,M
483,2022-01-09 15:35:00,Station_6,Station_3,1888,Customer,24633,1976,F
484,2022-01-16 04:09:00,Station_10,Station_9,1030,Customer,68461,1981,F
485,2022-01-08 10:19:00,Station_4,Station_8,1550,Subscriber,24914,1987,O
486,2022-01-04 00:58:00,Station_7,Station_10,1590,Subscriber,71372,1995,M
487,2022-01-29 02:10:00,Station_1,Station_5,1615,Subscriber,19259,1994,F
488,2022-01-02 18:47:00,Station_3,Station_2,1677,Subscriber,25569,1981,M
489,2022-01-21 02:57:00,Station_9,Station_9,1627,Customer,12348,1977,O
490,2022-01-03 23:16:00,Station_3,Station_10,1249,Customer,58196,1998,O
491,2022-01-01 16:05:00,Station_1,Station_10,1869,Customer,59874,1995,O
492,2022-01-12 01:28:00,Station_2,Station_9,1010,Customer,31804,1973,O
493,2022-01-06 17:17:00,Station_9,Station_4,1125,Subscriber,99096,1978,O
494,2022-01-12 11:55:00,Station_6,Station_6,1218,Customer,25535,1980,O
495,2022-01-01 11:15:00,Station_3,Station_7,1025,Customer,30848,1996,F
496,2022-01-15 09:00:00,Station_3,Station_7,1616,Customer,41717,1983,M
497,2022-01-25 04:47:00,Station_10,Station_4,1060,Subscriber,26567,1970,F
498,2022-01-10 15:08:00,Station_4,Station_9,1597,Customer,83261,1981,F
499,2022-01-03 03:10:00,Station_4,Station_9,1882,Customer,57801,1999,F
500,2022-01-16 16:49:00,Station_4,Station_5,1993,Subscriber,16115,1981,F
501,2022-01-19 07:53:00,Station_9,Station_6,1718,Customer,43556,1996,F
502,2022-01-14 10:52:00,Station_7,Station_6,1152,Subscriber,62463,1990,M
503,2022-01-23 07:43:00,Station_7,Station_2,1881,Customer,52801,1987,F
504,2022-01-18 06:21:00,Station_10,Station_10,1850,Subscriber,27628,1991,F
505,2022-01-12 17:56:00,Station_3,Station_7,1255,Subscriber,24893,1981,F
506,2022-01-13 22:02:00,Station_10,Station_8,1280,Customer,52956,1981,M
507,2022-01-05 18:39:00,Station_6,Station_3,1331,Customer,19001,1994,M
508,2022-01-03 01:12:00,Station_7,Station_8,1299,Subscriber,81430,1978,O
509,2022-01-16 14:39:00,Station_5,Station_3,1148,Customer,78420,1981,F
510,2022-01-26 21:41:00,Station_7,Station_3,1033,Subscriber,72544,1998,F
511,2022-01-14 04:22:00,Station_10,Station_1,1273,Customer,30582,1986,F
512,2022-01-15 22:58:00,Station_9,Station_10,1866,Customer,67287,1986,M
513,2022-01-11 12:50:00,Station_5,Station_9,1839,Customer,28073,1995,O
514,2022-01-16 15:42:00,Station_1,Station_7,1173,Customer,27380,1988,O
515,2022-01-05 22:30:00,Station_2,Station_8,1546,Subscriber,59566,1981,O
516,2022-01-18 14:11:00,Station_8,Station_6,1559,Customer,13869,1998,O
517,2022-01-17 19:40:00,Station_5,Station_5,1749,Subscriber,49582,1999,F
518,2022-01-11 19:54:00,Station_1,Station_4,1029,Customer,90900,1996,O
519,2022-01-30 22:48:00,Station_8,Station_9,1808,Customer,36459,1983,O
520,2022-01-14 13:49:00,Station_4,Station_5,1637,Subscriber,46310,1975,O
521,2022-01-13 12:45:00,Station_5,Station_9,1804,Customer,67626,1994,F
522,2022-01-15 04:08:00,Station_7,Station_5,1666,Subscriber,65851,1975,M
523,2022-01-28 17:31:00,Station_9,Station_1,1783,Subscriber,86837,1974,O
524,2022-01-08 00:52:00,Station_10,Station_8,1913,Subscriber,31246,1983,M
525,2022-01-25 13:54:00,Station_4,Station_4,1387,Subscriber,13194,1985,M
526,2022-01-29 11:59:00,Station_2,Station_1,1220,Subscriber,86064,1988,M
527,2022-01-15 08:57:00,Station_5,Station_10,1494,Customer,62292,1988,M
528,2022-01-02 03:31:00,Station_5,Station_1,1227,Subscriber,34193,1981,F
529,2022-01-12 22:22:00,Station_6,Station_4,1692,Customer,89243,1996,O
530,2022-01-19 22:44:00,Station_5,Station_4,1873,Subscriber,43982,1993,O
531,2022-01-24 13:18:00,Station_5,Station_9,1884,Subscriber,43556,1984,O
532,2022-01-16 17:53:00,Station_2,Station_8,1239,Subscriber,64550,1980,O
533,2022-01-02 03:05:00,Station_8,Station_3,1591,Subscriber,84414,1976,F
534,2022-01-17 19:05:00,Station_9,Station_7,1533,Subscriber,41920,1999,F
535,2022-01-22 01:36:00,Station_3,Station_10,1180,Customer,76853,1984,M
536,2022-01-09 13:40:00,Station_10,Station_3,1736,Customer,72502,1986,O
537,2022-01-02 08:05:00,Station_3,Station_6,1911,Subscriber,28202,1972,O
538,2022-01-20 23:59:00,Station_4,Station_9,1799,Subscriber,41737,1971,M
539,2022-01-29 18:13:00,Station_4,Station_10,1367,Subscriber,16076,1993,F
540,2022-01-14 03:38:00,Station_5,Station_10,1405,Customer,83600,1988,F
541,2022-01-26 09:16:00,Station_8,Station_5,1822,Customer,51767,1984,M
542,2022-01-10 05:06:00,Station_7,Station_2,1849,Subscriber,45651,1976,M
543,2022-01-15 16:25:00,Station_10,Station_4,1948,Subscriber,50464,1997,M
544,2022-01-27 23:04:00,Station_2,Station_5,1179,Customer,11955,1979,F
545,2022-01-07 09:08:00,Station_8,Station_5,1778,Customer,55316,1986,M
546,2022-01-24 01:39:00,Station_9,Station_8,1334,Customer,36738,1975,O
547,2022-01-04 10:52:00,Station_9,Station_2,1020,Customer,35010,1999,F
548,2022-01-16 11:47:00,Station_5,Station_9,1665,Subscriber,82478,1978,O
549,2022-01-27 16:57:00,Station_2,Station_10,1889,Subscriber,55894,1971,F
550,2022-01-21 02:21:00,Station_1,Station_7,1826,Customer,59407,1981,F
551,2022-01-24 22:19:00,Station_5,Station_3,1690,Customer,69499,1981,F
552,2022-01-20 18:03:00,Station_4,Station_10,1859,Subscriber,66916,1978,M
553,2022-01-27 08:34:00,Station_10,Station_8,1091,Customer,89453,1996,M
554,2022-01-04 15:13:00,Station_10,Station_5,1950,Subscriber,88349,1981,F
555,2022-01-02 09:50:00,Station_9,Station_8,1453,Subscriber,13803,1989,M
556,2022-01-24 21:54:00,Station_5,Station_8,1694,Customer,15631,1994,M
557,2022-01-02 22:35:00,Station_3,Station_1,1787,Customer,32011,1985,F
558,2022-01-03 07:38:00,Station_8,Station_1,1319,Subscriber,19833,1990,O
559,2022-01-23 16:46:00,Station_9,Station_9,1685,Customer,21562,1999,F
560,2022-01-26 20:23:00,Station_6,Station_5,1310,Subscriber,70512,1982,O
561,2022-01-09 16:33:00,Station_10,Station_1,1981,Customer,97119,1971,F
562,2022-01-02 06:42:00,Station_9,Station_6,1568,Subscriber,32521,1984,F
563,2022-01-02 18:53:00,Station_4,Station_3,1332,Subscriber,18229,1987,M
564,2022-01-13 13:30:00,Station_8,Station_6,1558,Subscriber,22980,1977,M
565,2022-01-30 06:16:00,Station_1,Station_10,1719,Subscriber,25917,1996,F
566,2022-01-03 02:08:00,Station_5,Station_4,1181,Subscriber,27591,2000,M
567,2022-01-03 13:39:00,Station_1,Station_5,1935,Customer,97087,1999,F
568,2022-01-30 16:31:00,Station_10,Station_6,1047,Subscriber,24343,1999,O
569,2022-01-03 02:16:00,Station_7,Station_10,1558,Customer,34051,1982,O
570,2022-01-23 12:56:00,Station_8,Station_9,1132,Customer,77562,1985,M
571,2022-01-15 08:04:00,Station_7,Station_8,1918,Customer,28147,2000,O
572,2022-01-12 17:01:00,Station_5,Station_5,1230,Customer,25844,1973,O
573,2022-01-19 15:29:00,Station_3,Station_10,1781,Customer,89255,1971,O
574,2022-01-01 04:49:00,Station_5,Station_2,1271,Customer,31332,2000,O
575,2022-01-10 13:27:00,Station_6,Station_7,1984,Subscriber,83941,1974,O
576,2022-01-24 06:39:00,Station_1,Station_9,1585,Customer,54918,1982,M
577,2022-01-20 05:14:00,Station_9,Station_4,1801,Subscriber,10077,1982,M
578,2022-01-17 14:20:00,Station_1,Station_4,1081,Subscriber,27125,1984,O
579,2022-01-02 16:15:00,Station_5,Station_5,1919,Subscriber,11207,1976,M
580,2022-01-19 19:45:00,Station_3,Station_2,1237,Subscriber,74653,1994,O
581,2022-01-23 03:12:00,Station_10,Station_10,1754,Customer,17495,1980,F
582,2022-01-01 02:47:00,Station_1,Station_2,1251,Subscriber,32142,1997,O
583,2022-01-15 02:14:00,Station_2,Station_8,1866,Subscriber,96932,1975,O
584,2022-01-06 20:44:00,Station_7,Station_1,1555,Subscriber,85626,1990,M
585,2022-01-28 11:57:00,Station_7,Station_4,1128,Subscriber,80070,1986,M
586,2022-01-24 17:29:00,Station_1,Station_4,1855,Subscriber,29887,1972,M
587,2022-01-05 02:28:00,Station_7,Station_9,1883,Customer,58741,1996,M
588,2022-01-21 06:21:00,Station_6,Station_10,1174,Subscriber,58683,1976,F
589,2022-01-12 12:04:00,Station_1,Station_9,1458,Customer,19297,1994,M
590,2022-01-28 23:30:00,Station_1,Station_10,1967,Subscriber,40995,1974,F
591,2022-01-25 04:12:00,Station_1,Station_1,1933,Customer,84611,1989,M
592,2022-01-15 09:36:00,Station_4,Station_7,1785,Subscriber,52516,1970,O
593,2022-01-23 08:53:00,Station_10,Station_9,1046,Customer,66329,1998,M
594,2022-01-13 23:54:00,Station_10,Station_6,1611,Subscriber,10228,1970,O
595,2022-01-08 11:41:00,Station_7,Station_5,1506,Subscriber,17220,1984,F
596,2022-01-06 12:12:00,Station_6,Station_10,1480,Customer,50157,1988,O
597,2022-01-11 00:56:00,Station_8,Station_1,1920,Subscriber,20960,1981,O
598,2022-01-26 21:13:00,Station_10,Station_6,1771,Subscriber,53423,1994,M
599,2022-01-26 00:55:00,Station_3,Station_1,1731,Customer,86075,1978,O
600,2022-01-06 18:42:00,Station_2,Station_7,1612,Subscriber,76248,1989,F
601,2022-01-20 22:40:00,Station_2,Station_1,1216,Customer,93002,1991,M
602,2022-01-08 11:09:00,Station_7,Station_5,1599,Customer,95670,1983,O
603,2022-01-09 00:10:00,Station_10,Station_5,1002,Subscriber,16815,1986,O
604,2022-01-06 22:47:00,Station_1,Station_5,1685,Subscriber,37190,1980,O
605,2022-01-20 04:03:00,Station_1,Station_4,1128,Subscriber,33399,1975,O
606,2022-01-08 01:51:00,Station_9,Station_3,1128,Subscriber,37754,1975,F
607,2022-01-03 02:00:00,Station_2,Station_2,1038,Subscriber,29219,1977,O
608,2022-01-28 20:15:00,Station_9,Station_6,1808,Customer,52987,1978,F
609,2022-01-09 08:11:00,Station_5,Station_5,1668,Customer,51534,1992,O
610,2022-01-19 01:55:00,Station_9,Station_2,1971,Subscriber,22116,1971,M
611,2022-01-20 00:14:00,Station_10,Station_8,1365,Customer,92931,1981,F
612,2022-01-10 05:41:00,Station_2,Station_2,1409,Subscriber,66401,1977,M
613,2022-01-02 22:01:00,Station_9,Station_2,1291,Subscriber,51319,1974,F
614,2022-01-10 00:55:00,Station_9,Station_5,1053,Subscriber,73546,1982,O
615,2022-01-19 03:02:00,Station_1,Station_3,1987,Customer,61591,1997,M
616,2022-01-12 21:36:00,Station_5,Station_5,1332,Subscriber,35906,1974,M
617,2022-01-08 21:28:00,Station_6,Station_2,1343,Subscriber,31724,1980,O
618,2022-01-30 02:48:00,Station_9,Station_2,1194,Subscriber,77808,1990,O
619,2022-01-22 05:18:00,Station_4,Station_10,1054,Subscriber,38602,1973,O
620,2022-01-24 10:46:00,Station_5,Station_2,1043,Customer,27313,1978,M
621,2022-01-21 06:39:00,Station_4,Station_7,1425,Subscriber,89019,1991,O
622,2022-01-05 22:01:00,Station_7,Station_6,1370,Subscriber,50190,1989,M
623,2022-01-20 17:04:00,Station_10,Station_3,1763,Customer,11391,1997,O
624,2022-01-26 08:45:00,Station_7,Station_1,1000,Subscriber,29974,1998,M
625,2022-01-19 08:44:00,Station_4,Station_7,1609,Customer,39669,1974,F
626,2022-01-11 13:49:00,Station_4,Station_2,1994,Subscriber,56026,1973,O
627,2022-01-08 20:43:00,Station_4,Station_6,1046,Customer,70758,1971,M
628,2022-01-06 04:00:00,Station_2,Station_6,1208,Customer,40600,2000,F
629,2022-01-17 20:58:00,Station_6,Station_2,1550,Subscriber,54560,1976,O
630,2022-01-18 10:24:00,Station_6,Station_7,1019,Customer,99469,1985,F
631,2022-01-27 22:33:00,Station_8,Station_5,1279,Subscriber,59013,1998,M
632,2022-01-28 21:30:00,Station_1,Station_3,1174,Customer,48529,1970,M
633,2022-01-30 21:08:00,Station_4,Station_8,1666,Customer,63828,1981,M
634,2022-01-26 23:38:00,Station_2,Station_3,1512,Subscriber,23345,1998,F
635,2022-01-04 16:24:00,Station_2,Station_4,1253,Customer,93983,1974,F
636,2022-01-09 03:38:00,Station_5,Station_9,1686,Customer,44842,1983,O
637,2022-01-24 07:25:00,Station_5,Station_7,1468,Customer,60132,1991,F
638,2022-01-29 20:13:00,Station_8,Station_6,1944,Customer,88618,1971,M
639,2022-01-26 21:37:00,Station_1,Station_8,1797,Customer,17868,1989,F
640,2022-01-08 08:44:00,Station_8,Station_7,1280,Customer,52159,1989,F
641,2022-01-11 03:17:00,Station_3,Station_7,1121,Subscriber,88255,1986,O
642,2022-01-24 18:11:00,Station_9,Station_9,1435,Customer,63188,1980,M
643,2022-01-03 22:06:00,Station_10,Station_3,1733,Subscriber,68330,1995,O
644,2022-01-10 17:10:00,Station_2,Station_3,1942,Customer,51719,1995,O
645,2022-01-20 19:13:00,Station_1,Station_5,1914,Customer,84767,1991,F
646,2022-01-09 19:41:00,Station_1,Station_4,1052,Subscriber,57137,1993,M
647,2022-01-13 02:39:00,Station_4,Station_2,1787,Subscriber,12583,1984,M
648,2022-01-18 17:57:00,Station_6,Station_1,1508,Subscriber,73214,1999,M
649,2022-01-24 23:33:00,Station_2,Station_9,1618,Subscriber,60055,1974,M
650,2022-01-30 04:34:00,Station_4,Station_5,1911,Subscriber,96894,1981,F
651,2022-01-21 14:07:00,Station_2,Station_6,1759,Subscriber,23556,1992,M
652,2022-01-16 13:48:00,Station_4,Station_1,1864,Subscriber,42061,1971,F
653,2022-01-28 04:07:00,Station_4,Station_6,1767,Customer,64392,1985,O
654,2022-01-10 10:29:00,Station_5,Station_7,1002,Customer,62577,1972,O
655,2022-01-19 22:34:00,Station_7,Station_5,1214,Customer,94745,1993,O
656,2022-01-01 23:58:00,Station_10,Station_2,1217,Subscriber,12157,1970,O
657,2022-01-17 09:16:00,Station_3,Station_4,1321,Customer,96608,1981,F
658,2022-01-06 10:05:00,Station_2,Station_8,1157,Subscriber,96991,1978,F
659,2022-01-26 11:07:00,Station_6,Station_9,1181,Subscriber,11327,1993,O
660,2022-01-19 13:44:00,Station_3,Station_7,1352,Customer,61572,1986,F
661,2022-01-15 19:15:00,Station_5,Station_10,1336,Customer,39005,1973,M
662,2022-01-18 06:06:00,Station_3,Station_8,1500,Subscriber,46782,1985,M
663,2022-01-27 09:21:00,Station_4,Station_5,1975,Subscriber,23218,1985,O
664,2022-01-06 01:49:00,Station_4,Station_5,1132,Subscriber,60108,1996,O
665,2022-01-29 15:01:00,Station_5,Station_2,1049,Customer,95726,1988,O
666,2022-01-08 12:08:00,Station_8,Station_8,1861,Customer,76732,1993,M
667,2022-01-13 07:15:00,Station_3,Station_4,1538,Customer,49213,1979,O
668,2022-01-02 18:58:00,Station_3,Station_7,1129,Subscriber,33617,1976,O
669,2022-01-07 11:21:00,Station_10,Station_7,1539,Customer,18077,1982,M
670,2022-01-21 18:04:00,Station_4,Station_5,1670,Subscriber,30805,1975,O
671,2022-01-10 11:33:00,Station_5,Station_1,1733,Subscriber,66018,1995,M
672,2022-01-08 19:25:00,Station_8,Station_3,1620,Subscriber,88418,1987,M
673,2022-01-28 15:17:00,Station_3,Station_6,1125,Customer,61805,2000,F
674,2022-01-05 11:06:00,Station_5,Station_6,1797,Subscriber,92436,1988,M
675,2022-01-17 18:34:00,Station_5,Station_8,1110,Customer,57678,1997,F
676,2022-01-14 08:34:00,Station_10,Station_10,1882,Subscriber,35152,1993,M
677,2022-01-05 04:48:00,Station_6,Station_9,1755,Customer,73356,1972,F
678,2022-01-06 04:19:00,Station_7,Station_7,1941,Customer,32316,1973,F
679,2022-01-24 16:23:00,Station_7,Station_9,1036,Customer,12625,1990,F
680,2022-01-22 12:15:00,Station_6,Station_5,1654,Customer,86980,1990,O
681,2022-01-12 20:53:00,Station_5,Station_10,1368,Subscriber,33378,1999,F
682,2022-01-25 15:44:00,Station_1,Station_2,1241,Customer,27405,1999,O
683,2022-01-20 22:33:00,Station_7,Station_4,1917,Subscriber,17483,1977,O
684,2022-01-07 07:15:00,Station_6,Station_9,1983,Subscriber,43557,1994,F
685,2022-01-24 07:41:00,Station_9,Station_1,1627,Subscriber,45117,1987,M
686,2022-01-05 06:39:00,Station_2,Station_2,1701,Subscriber,18839,1984,F
687,2022-01-16 10:46:00,Station_10,Station_5,1703,Subscriber,91425,1979,F
688,2022-01-03 12:18:00,Station_6,Station_7,1341,Customer,29084,1989,F
689,2022-01-15 04:39:00,Station_7,Station_4,1994,Subscriber,78885,1977,O
690,2022-01-21 22:29:00,Station_5,Station_6,1536,Subscriber,50173,1982,F
691,2022-01-24 19:56:00,Station_3,Station_6,1095,Customer,23635,1982,F
692,2022-01-24 06:59:00,Station_3,Station_4,1105,Customer,80950,1982,M
693,2022-01-14 18:59:00,Station_9,Station_7,1071,Customer,24165,1995,F
694,2022-01-16 20:27:00,Station_10,Station_3,1772,Customer,24670,1971,M
695,2022-01-22 17:53:00,Station_2,Station_9,1513,Customer,29428,1970,M
696,2022-01-06 05:55:00,Station_5,Station_10,1507,Subscriber,10829,1980,M
697,2022-01-20 17:57:00,Station_3,Station_1,1942,Customer,68432,1990,M
698,2022-01-17 23:03:00,Station_5,Station_8,1743,Customer,56972,1989,F
699,2022-01-30 05:04:00,Station_1,Station_8,1625,Customer,80347,1988,O
700,2022-01-20 13:13:00,Station_6,Station_8,1036,Subscriber,60809,1983,F
701,2022-01-02 06:21:00,Station_8,Station_4,1113,Subscriber,51291,1991,O
702,2022-01-07 00:42:00,Station_4,Station_9,1093,Subscriber,54053,1985,O
703,2022-01-22 10:49:00,Station_3,Station_9,1899,Subscriber,55814,1992,F
704,2022-01-09 02:16:00,Station_5,Station_6,1915,Subscriber,57906,1998,O
705,2022-01-21 18:30:00,Station_9,Station_10,1630,Customer,39306,1994,F
706,2022-01-22 08:31:00,Station_7,Station_3,1769,Customer,42625,1991,O
707,2022-01-02 12:14:00,Station_10,Station_8,1826,Customer,66375,1997,F
708,2022-01-21 20:49:00,Station_3,Station_5,1349,Subscriber,69826,1999,F
709,2022-01-18 00:33:00,Station_6,Station_9,1999,Customer,97042,1982,M
710,2022-01-08 23:16:00,Station_10,Station_7,1871,Customer,12720,1982,F
711,2022-01-15 11:17:00,Station_10,Station_6,1589,Subscriber,60648,1980,F
712,2022-01-16 17:54:00,Station_3,Station_9,1711,Customer,79320,1977,F
713,2022-01-23 17:26:00,Station_6,Station_1,1481,Subscriber,78739,1998,M
714,2022-01-10 20:32:00,Station_8,Station_4,1362,Customer,47401,1988,O
715,2022-01-13 21:00:00,Station_4,Station_2,1763,Subscriber,55412,1973,F
716,2022-01-10 04:17:00,Station_7,Station_1,1362,Customer,21632,1996,F
717,2022-01-12 00:00:00,Station_1,Station_6,1143,Subscriber,66657,1988,F
718,2022-01-02 06:08:00,Station_2,Station_3,1563,Subscriber,51996,1995,M
719,2022-01-27 10:50:00,Station_10,Station_3,1501,Subscriber,33069,1971,M
720,2022-01-14 01:25:00,Station_6,Station_6,1643,Subscriber,32156,2000,F
721,2022-01-16 22:31:00,Station_3,Station_4,1836,Customer,97478,1977,O
722,2022-01-17 17:20:00,Station_2,Station_10,1812,Subscriber,54561,1972,O
723,2022-01-21 04:29:00,Station_9,Station_7,1020,Subscriber,65221,1999,F
724,2022-01-12 22:44:00,Station_4,Station_7,1176,Customer,52469,1972,M
725,2022-01-22 23:18:00,Station_1,Station_8,1998,Customer,39997,1999,M
726,2022-01-30 16:29:00,Station_6,Station_1,1106,Subscriber,92406,1991,F
727,2022-01-30 22:13:00,Station_1,Station_7,1962,Subscriber,86220,1995,F
728,2022-01-06 00:12:00,Station_1,Station_2,1511,Subscriber,29073,1997,M
729,2022-01-03 21:35:00,Station_4,Station_3,1515,Customer,27601,1973,O
730,2022-01-01 00:51:00,Station_2,Station_5,1336,Subscriber,90937,1974,M
731,2022-01-24 11:05:00,Station_9,Station_9,1893,Customer,44788,1994,M
732,2022-01-25 12:49:00,Station_4,Station_1,1510,Subscriber,51416,1982,F
733,2022-01-04 02:24:00,Station_4,Station_3,1551,Customer,55872,1992,F
734,2022-01-13 19:14:00,Station_9,Station_6,1323,Subscriber,82731,1990,O
735,2022-01-05 22:24:00,Station_10,Station_6,1772,Subscriber,19183,1977,F
736,2022-01-09 08:56:00,Station_10,Station_9,1070,Subscriber,12063,1980,F
737,2022-01-25 04:31:00,Station_5,Station_3,1772,Customer,93291,1986,O
738,2022-01-22 13:25:00,Station_8,Station_6,1876,Customer,67644,1983,O
739,2022-01-07 19:45:00,Station_9,Station_10,1997,Customer,13714,1993,M
740,2022-01-11 10:45:00,Station_10,Station_5,1880,Subscriber,19989,1994,O
741,2022-01-30 13:48:00,Station_4,Station_5,1243,Subscriber,93575,1972,M
742,2022-01-15 04:53:00,Station_3,Station_6,1339,Subscriber,75105,1978,F
743,2022-01-07 07:12:00,Station_7,Station_6,1882,Subscriber,49322,1983,F
744,2022-01-17 21:24:00,Station_8,Station_6,1419,Subscriber,71462,1981,O
745,2022-01-04 02:27:00,Station_5,Station_3,1746,Customer,46045,1972,O
746,2022-01-21 11:10:00,Station_2,Station_8,1388,Subscriber,81515,1978,F
747,2022-01-02 01:19:00,Station_5,Station_10,1399,Customer,47481,1985,O
748,2022-01-21 06:51:00,Station_10,Station_4,1599,Subscriber,23414,1985,F
749,2022-01-25 20:06:00,Station_2,Station_5,1301,Subscriber,35359,1975,F
750,2022-01-19 17:37:00,Station_7,Station_1,1868,Subscriber,94132,1993,O
751,2022-01-11 22:14:00,Station_10,Station_9,1558,Subscriber,42399,2000,O
752,2022-01-30 01:49:00,Station_7,Station_9,1751,Subscriber,51658,1981,O
753,2022-01-06 18:20:00,Station_8,Station_5,1180,Customer,29420,1982,F
754,2022-01-10 14:00:00,Station_10,Station_3,1302,Subscriber,79205,1999,F
755,2022-01-03 21:26:00,Station_3,Station_9,1619,Subscriber,75985,1986,O
756,2022-01-25 05:38:00,Station_4,Station_9,1172,Customer,93668,1975,O
757,2022-01-11 16:13:00,Station_3,Station_3,1991,Customer,92610,1993,F
758,2022-01-10 06:43:00,Station_4,Station_6,1788,Customer,56752,1996,M
759,2022-01-17 10:16:00,Station_7,Station_1,1062,Subscriber,27007,1981,M
760,2022-01-17 08:48:00,Station_4,Station_5,1450,Subscriber,55001,1986,O
761,2022-01-26 09:30:00,Station_8,Station_1,1031,Subscriber,90480,1995,M
762,2022-01-28 06:42:00,Station_10,Station_7,1799,Customer,55242,1972,M
763,2022-01-10 09:38:00,Station_1,Station_2,1392,Subscriber,75147,1980,O
764,2022-01-07 19:42:00,Station_10,Station_7,1896,Subscriber,91194,1993,M
765,2022-01-15 19:56:00,Station_3,Station_9,1001,Customer,75407,1986,O
766,2022-01-08 01:03:00,Station_6,Station_2,1044,Customer,59059,1980,F
767,2022-01-08 14:44:00,Station_4,Station_7,1395,Subscriber,96056,1988,O
768,2022-01-06 19:09:00,Station_5,Station_6,1100,Subscriber,59022,1988,M
769,2022-01-27 21:41:00,Station_10,Station_10,1354,Subscriber,37046,1997,M
770,2022-01-09 10:06:00,Station_8,Station_1,1965,Customer,27895,1971,M
771,2022-01-27 12:48:00,Station_5,Station_3,1674,Subscriber,90588,1988,F
772,2022-01-01 11:19:00,Station_6,Station_3,1773,Subscriber,36557,1980,O
773,2022-01-10 17:53:00,Station_8,Station_9,1570,Customer,75800,1985,F
774,2022-01-14 21:32:00,Station_8,Station_10,1157,Customer,66528,1974,O
775,2022-01-04 07:07:00,Station_4,Station_2,1136,Customer,71458,1991,F
776,2022-01-19 19:21:00,Station_7,Station_10,1846,Customer,89776,1984,M
777,2022-01-25 09:00:00,Station_3,Station_6,1901,Subscriber,27853,1986,O
778,2022-01-15 03:32:00,Station_9,Station_4,1004,Subscriber,20554,1996,F
779,2022-01-14 16:43:00,Station_5,Station_10,1744,Subscriber,26115,1984,M
780,2022-01-04 10:16:00,Station_9,Station_9,1367,Subscriber,13520,1977,F
781,2022-01-17 19:09:00,Station_6,Station_8,1328,Customer,52767,1971,F
782,2022-01-26 05:21:00,Station_8,Station_1,1550,Subscriber,24656,1985,M
783,2022-01-18 02:40:00,Station_4,Station_7,1264,Customer,72268,1981,O
784,2022-01-30 23:42:00,Station_6,Station_1,1095,Subscriber,26491,1994,F
785,2022-01-09 15:44:00,Station_2,Station_8,1917,Customer,84422,1997,M
786,2022-01-07 04:50:00,Station_9,Station_7,1915,Customer,75503,1990,M
787,2022-01-01 14:08:00,Station_4,Station_6,1529,Customer,13192,1995,F
788,2022-01-26 06:12:00,Station_9,Station_1,1664,Customer,44168,1988,O
789,2022-01-21 06:06:00,Station_5,Station_2,1527,Customer,54243,1984,O
790,2022-01-26 05:07:00,Station_4,Station_1,1943,Subscriber,74191,1993,O
791,2022-01-06 04:54:00,Station_3,Station_8,1671,Customer,97639,1982,F
792,2022-01-30 18:43:00,Station_1,Station_1,1392,Customer,59831,1970,M
793,2022-01-12 14:40:00,Station_8,Station_4,1650,Customer,77627,1995,F
794,2022-01-17 01:30:00,Station_8,Station_2,1242,Customer,41734,1993,O
795,2022-01-21 02:58:00,Station_1,Station_1,1944,Subscriber,61607,1995,F
796,2022-01-19 11:42:00,Station_7,Station_1,1062,Customer,26841,1972,F
797,2022-01-14 01:37:00,Station_7,Station_3,1755,Subscriber,40827,1970,O
798,2022-01-15 10:07:00,Station_2,Station_7,1177,Subscriber,88882,1982,O
799,2022-01-12 17:09:00,Station_5,Station_4,1150,Customer,93339,1975,M
800,2022-01-06 01:47:00,Station_8,Station_6,1633,Customer,17963,1978,M
801,2022-01-19 10:35:00,Station_3,Station_4,1119,Customer,83416,1996,M
802,2022-01-14 16:56:00,Station_9,Station_10,1040,Customer,14552,2000,M
803,2022-01-01 16:39:00,Station_3,Station_1,1448,Customer,28664,1999,M
804,2022-01-16 15:59:00,Station_4,Station_7,1859,Customer,60840,1985,O
805,2022-01-29 09:24:00,Station_3,Station_5,1843,Subscriber,19759,1997,O
806,2022-01-05 02:17:00,Station_4,Station_8,1821,Customer,14071,1995,M
807,2022-01-15 23:24:00,Station_4,Station_5,1945,Customer,73224,1998,O
808,2022-01-29 04:18:00,Station_10,Station_10,1473,Subscriber,67483,1976,F
809,2022-01-13 19:08:00,Station_1,Station_10,1171,Customer,62407,1973,F
810,2022-01-15 21:01:00,Station_3,Station_5,1275,Subscriber,77745,1974,F
811,2022-01-13 19:18:00,Station_8,Station_3,1157,Subscriber,63857,1970,F
812,2022-01-20 18:38:00,Station_8,Station_2,1322,Customer,65963,1982,F
813,2022-01-16 02:44:00,Station_7,Station_10,1798,Subscriber,48198,1990,O
814,2022-01-03 05:27:00,Station_10,Station_7,1499,Subscriber,59684,1999,O
815,2022-01-29 17:17:00,Station_1,Station_9,1954,Customer,31059,1982,O
816,2022-01-17 12:08:00,Station_9,Station_7,1838,Customer,21815,1989,O
817,2022-01-27 21:24:00,Station_4,Station_3,1786,Subscriber,17199,1983,M
818,2022-01-16 02:21:00,Station_5,Station_8,1553,Subscriber,99638,1975,O
819,2022-01-05 10:46:00,Station_7,Station_3,1162,Subscriber,38628,1994,M
820,2022-01-15 20:58:00,Station_2,Station_5,1409,Subscriber,94982,1998,F
821,2022-01-30 01:18:00,Station_2,Station_2,1505,Subscriber,68924,1980,M
822,2022-01-20 02:34:00,Station_6,Station_5,1080,Customer,37970,1982,F
823,2022-01-09 15:22:00,Station_10,Station_7,1785,Customer,53609,1997,M
824,2022-01-11 15:33:00,Station_3,Station_10,1786,Subscriber,95858,1986,M
825,2022-01-02 09:32:00,Station_7,Station_4,1064,Customer,96297,1979,O
826,2022-01-04 14:49:00,Station_5,Station_4,1215,Subscriber,50493,1976,M
827,2022-01-03 06:54:00,Station_4,Station_8,1074,Subscriber,71867,1980,M
828,2022-01-03 22:42:00,Station_7,Station_4,1829,Subscriber,16691,1993,O
829,2022-01-25 18:39:00,Station_1,Station_6,1969,Subscriber,87780,1979,O
830,2022-01-11 13:52:00,Station_8,Station_3,1805,Customer,65010,1992,F
831,2022-01-01 19:08:00,Station_6,Station_10,1638,Customer,62821,1999,F
832,2022-01-06 11:32:00,Station_4,Station_6,1192,Subscriber,67532,1972,F
833,2022-01-22 03:34:00,Station_8,Station_3,1007,Subscriber,72758,1976,M
834,2022-01-14 04:48:00,Station_5,Station_3,1845,Subscriber,10234,1988,O
835,2022-01-27 23:31:00,Station_1,Station_10,1637,Subscriber,66890,1986,O
836,2022-01-11 07:57:00,Station_7,Station_1,1006,Subscriber,14552,1992,O
837,2022-01-11 02:44:00,Station_6,Station_5,1598,Subscriber,38581,1977,O
838,2022-01-09 19:46:00,Station_7,Station_8,1838,Subscriber,17424,1979,O
839,2022-01-06 02:49:00,Station_5,Station_8,1026,Subscriber,56977,1972,M
840,2022-01-27 17:21:00,Station_3,Station_9,1960,Subscriber,89447,1975,O
841,2022-01-16 01:20:00,Station_4,Station_3,1019,Subscriber,73988,1993,M
842,2022-01-16 17:54:00,Station_8,Station_10,1368,Customer,75540,1993,M
843,2022-01-21 19:15:00,Station_8,Station_3,1574,Customer,40607,1980,O
844,2022-01-05 07:28:00,Station_3,Station_3,1668,Customer,41687,1978,F
845,2022-01-29 03:25:00,Station_6,Station_7,1283,Customer,52679,1978,F
846,2022-01-16 21:45:00,Station_2,Station_4,1374,Customer,55868,1996,F
847,2022-01-23 16:00:00,Station_9,Station_1,1235,Subscriber,98363,1976,F
848,2022-01-21 18:58:00,Station_7,Station_6,1183,Customer,52459,1991,O
849,2022-01-22 23:51:00,Station_7,Station_3,1087,Customer,22911,1974,M
850,2022-01-23 05:10:00,Station_9,Station_3,1626,Customer,63976,1970,O
851,2022-01-25 17:45:00,Station_4,Station_7,1073,Customer,74209,1970,F
852,2022-01-13 17:23:00,Station_2,Station_5,1548,Customer,92488,1993,F
853,2022-01-11 14:09:00,Station_9,Station_5,1396,Customer,89629,1999,F
854,2022-01-28 19:33:00,Station_1,Station_3,1563,Customer,13856,1981,F
855,2022-01-19 12:26:00,Station_4,Station_4,1762,Customer,84386,2000,M
856,2022-01-08 16:57:00,Station_5,Station_5,1487,Customer,58212,1992,F
857,2022-01-22 04:19:00,Station_1,Station_5,1343,Subscriber,81075,1974,O
858,2022-01-24 23:11:00,Station_5,Station_10,1891,Subscriber,30525,1989,M
859,2022-01-23 11:52:00,Station_5,Station_3,1541,Subscriber,76962,1976,M
860,2022-01-28 01:22:00,Station_7,Station_8,1237,Subscriber,86593,1981,M
861,2022-01-18 06:15:00,Station_2,Station_6,1803,Subscriber,95521,1974,M
862,2022-01-02 17:02:00,Station_1,Station_5,1622,Customer,30801,1970,O
863,2022-01-30 13:38:00,Station_8,Station_5,1565,Subscriber,37246,1996,O
864,2022-01-24 16:43:00,Station_6,Station_4,1673,Customer,48532,1979,M
865,2022-01-04 16:25:00,Station_8,Station_10,1838,Subscriber,54180,1988,M
866,2022-01-17 01:25:00,Station_6,Station_4,1518,Customer,85964,1998,M
867,2022-01-26 04:00:00,Station_10,Station_3,1186,Customer,51373,1988,M
868,2022-01-30 11:47:00,Station_7,Station_4,1719,Customer,15625,1973,O
869,2022-01-26 22:02:00,Station_10,Station_2,1225,Customer,44237,1991,O
870,2022-01-06 12:00:00,Station_8,Station_6,1165,Subscriber,87261,1981,O
871,2022-01-11 01:49:00,Station_9,Station_7,1596,Subscriber,70083,1975,M
872,2022-01-06 07:33:00,Station_1,Station_2,1821,Customer,10890,1971,M
873,2022-01-15 19:33:00,Station_3,Station_3,1261,Subscriber,71839,1985,O
874,2022-01-03 05:38:00,Station_1,Station_10,1543,Customer,61151,1995,M
875,2022-01-03 20:29:00,Station_3,Station_4,1231,Customer,38036,1986,M
876,2022-01-26 00:47:00,Station_6,Station_7,1339,Customer,24150,1999,F
877,2022-01-29 22:02:00,Station_6,Station_5,1696,Subscriber,85976,1997,M
878,2022-01-11 00:24:00,Station_3,Station_6,1512,Subscriber,69936,1981,F
879,2022-01-03 19:43:00,Station_6,Station_5,1723,Subscriber,56511,1978,M
880,2022-01-17 16:08:00,Station_4,Station_2,1894,Customer,61642,1981,F
881,2022-01-21 21:58:00,Station_7,Station_4,1471,Subscriber,75216,1977,M
882,2022-01-28 10:57:00,Station_3,Station_8,1811,Subscriber,59272,1999,F
883,2022-01-29 00:25:00,Station_1,Station_8,1034,Subscriber,72803,1978,O
884,2022-01-16 15:21:00,Station_5,Station_2,1957,Customer,59513,1994,F
885,2022-01-16 06:49:00,Station_9,Station_4,1308,Subscriber,68118,1995,O
886,2022-01-03 05:45:00,Station_10,Station_1,1894,Subscriber,48341,1975,O
887,2022-01-10 09:04:00,Station_7,Station_1,1062,Subscriber,31344,1989,M
888,2022-01-26 22:50:00,Station_1,Station_9,1834,Customer,41739,1978,O
889,2022-01-17 04:29:00,Station_3,Station_10,1431,Subscriber,16890,1970,F
890,2022-01-18 17:20:00,Station_2,Station_9,1856,Subscriber,86841,1996,O
891,2022-01-18 10:04:00,Station_1,Station_4,1077,Subscriber,47464,1989,F
892,2022-01-18 14:44:00,Station_8,Station_10,1182,Customer,48671,1985,O
893,2022-01-24 02:11:00,Station_6,Station_9,1322,Customer,67764,1990,O
894,2022-01-22 13:44:00,Station_7,Station_10,1639,Customer,88459,1980,O
895,2022-01-14 23:03:00,Station_8,Station_2,1151,Customer,93750,1989,F
896,2022-01-03 19:19:00,Station_4,Station_8,1706,Subscriber,93329,1992,M
897,2022-01-20 16:12:00,Station_6,Station_3,1432,Customer,28429,1978,F
898,2022-01-09 07:15:00,Station_1,Station_8,1027,Customer,83049,1980,M
899,2022-01-05 01:33:00,Station_8,Station_8,1335,Subscriber,39281,2000,O
900,2022-01-25 13:32:00,Station_5,Station_7,1471,Customer,99448,1988,M
901,2022-01-20 16:28:00,Station_2,Station_10,1120,Subscriber,47466,1998,M
902,2022-01-17 12:52:00,Station_3,Station_5,1840,Subscriber,64861,1979,O
903,2022-01-02 19:36:00,Station_2,Station_1,1075,Customer,88631,1989,O
904,2022-01-02 05:50:00,Station_9,Station_6,1636,Customer,71116,1988,O
905,2022-01-14 13:06:00,Station_8,Station_10,1264,Customer,91333,1995,M
906,2022-01-09 23:35:00,Station_9,Station_3,1475,Subscriber,96071,1970,M
907,2022-01-13 09:42:00,Station_7,Station_4,1016,Subscriber,14521,1976,M
908,2022-01-13 18:50:00,Station_3,Station_6,1464,Subscriber,24037,1990,F
909,2022-01-25 19:38:00,Station_4,Station_10,1723,Subscriber,77580,1989,M
910,2022-01-29 22:14:00,Station_9,Station_7,1755,Subscriber,86496,1985,F
911,2022-01-18 06:20:00,Station_3,Station_8,1634,Subscriber,12498,1993,O
912,2022-01-10 04:02:00,Station_7,Station_8,1064,Subscriber,75280,1986,M
913,2022-01-08 01:28:00,Station_8,Station_10,1698,Customer,19226,1996,F
914,2022-01-18 06:55:00,Station_2,Station_8,1107,Subscriber,41522,1998,F
915,2022-01-12 00:16:00,Station_2,Station_5,1196,Subscriber,55260,1976,F
916,2022-01-05 01:31:00,Station_5,Station_2,1426,Customer,55630,1998,O
917,2022-01-29 00:42:00,Station_4,Station_4,1358,Subscriber,48164,1982,F
918,2022-01-02 02:34:00,Station_10,Station_6,1024,Subscriber,31709,1984,O
919,2022-01-17 19:12:00,Station_8,Station_8,1676,Customer,97629,1973,M
920,2022-01-08 20:30:00,Station_10,Station_9,1857,Customer,48586,1990,F
921,2022-01-06 09:05:00,Station_2,Station_3,1225,Customer,89654,1975,F
922,2022-01-18 09:32:00,Station_1,Station_10,1624,Customer,49289,1985,M
923,2022-01-08 03:02:00,Station_6,Station_3,1262,Subscriber,28614,1996,O
924,2022-01-09 03:25:00,Station_8,Station_9,1406,Customer,59934,1970,O
925,2022-01-05 11:43:00,Station_3,Station_2,1871,Subscriber,38104,2000,O
926,2022-01-23 10:37:00,Station_10,Station_9,1543,Subscriber,38613,1973,O
927,2022-01-09 23:14:00,Station_9,Station_8,1141,Customer,18527,1979,O
928,2022-01-05 14:09:00,Station_4,Station_2,1461,Subscriber,51999,1970,F
929,2022-01-27 14:04:00,Station_10,Station_5,1129,Customer,97235,1970,M
930,2022-01-19 17:31:00,Station_9,Station_5,1278,Customer,20724,1982,M
931,2022-01-19 11:29:00,Station_10,Station_9,1407,Customer,25143,1975,M
932,2022-01-29 22:31:00,Station_2,Station_10,1298,Subscriber,72574,1986,F
933,2022-01-10 01:17:00,Station_5,Station_10,1562,Customer,11719,1990,O
934,2022-01-07 14:58:00,Station_2,Station_10,1454,Customer,32833,1980,M
935,2022-01-12 13:56:00,Station_6,Station_5,1846,Customer,29316,1970,M
936,2022-01-23 05:44:00,Station_2,Station_7,1899,Subscriber,15764,1997,M
937,2022-01-16 06:50:00,Station_3,Station_6,1683,Subscriber,64774,2000,M
938,2022-01-28 07:58:00,Station_3,Station_9,1405,Customer,49206,1993,F
939,2022-01-15 12:38:00,Station_6,Station_5,1310,Subscriber,63745,1977,F
940,2022-01-22 03:20:00,Station_6,Station_9,1409,Customer,89706,1977,O
941,2022-01-23 20:25:00,Station_3,Station_2,1750,Customer,76037,1994,M
942,2022-01-13 17:31:00,Station_8,Station_7,1236,Customer,75773,1974,M
943,2022-01-05 09:07:00,Station_10,Station_2,1586,Subscriber,11173,1982,F
944,2022-01-28 19:49:00,Station_9,Station_8,1564,Customer,19061,1984,O
945,2022-01-15 03:20:00,Station_1,Station_1,1371,Customer,63894,1984,O
946,2022-01-15 18:32:00,Station_5,Station_2,1416,Subscriber,50037,1998,M
947,2022-01-14 02:15:00,Station_7,Station_6,1355,Customer,53502,1991,F
948,2022-01-28 13:43:00,Station_10,Station_6,1127,Subscriber,73748,1981,O
949,2022-01-17 18:16:00,Station_9,Station_6,1285,Customer,33810,1990,O
950,2022-01-12 07:24:00,Station_5,Station_2,1992,Subscriber,79338,1985,M
951,2022-01-07 04:54:00,Station_3,Station_1,1213,Customer,51345,1999,M
952,2022-01-18 05:41:00,Station_3,Station_3,1447,Subscriber,85480,1972,O
953,2022-01-29 01:03:00,Station_6,Station_5,1964,Customer,38428,1974,O
954,2022-01-07 19:54:00,Station_2,Station_1,1132,Customer,65061,1999,M
955,2022-01-08 11:38:00,Station_2,Station_7,1344,Customer,42969,1977,F
956,2022-01-27 03:05:00,Station_8,Station_6,1645,Subscriber,56447,1977,F
957,2022-01-05 11:03:00,Station_10,Station_4,1390,Customer,92822,1994,M
958,2022-01-15 11:29:00,Station_1,Station_5,1447,Customer,15592,1972,O
959,2022-01-02 03:49:00,Station_5,Station_5,1496,Customer,20634,2000,F
960,2022-01-29 14:58:00,Station_2,Station_4,1930,Customer,65837,1971,F
961,2022-01-30 08:19:00,Station_10,Station_5,1262,Subscriber,39509,1999,O
962,2022-01-16 02:29:00,Station_2,Station_2,1004,Customer,40589,1974,M
963,2022-01-19 20:17:00,Station_3,Station_6,1251,Customer,89609,1996,O
964,2022-01-21 10:32:00,Station_4,Station_6,1052,Subscriber,13133,1979,F
965,2022-01-23 11:50:00,Station_3,Station_3,1118,Subscriber,24875,1970,O
966,2022-01-09 08:43:00,Station_10,Station_4,1919,Subscriber,38647,1975,M
967,2022-01-15 14:30:00,Station_3,Station_2,1381,Customer,88475,1991,O
968,2022-01-24 00:05:00,Station_3,Station_9,1089,Customer,23342,1974,F
969,2022-01-28 17:08:00,Station_9,Station_7,1816,Customer,98879,1993,M
970,2022-01-11 03:56:00,Station_3,Station_2,1810,Subscriber,98292,1979,O
971,2022-01-28 03:09:00,Station_6,Station_2,1905,Subscriber,81562,1982,M
972,2022-01-25 12:54:00,Station_4,Station_4,1780,Customer,86065,1987,F
973,2022-01-27 14:57:00,Station_10,Station_1,1623,Customer,66514,1988,O
974,2022-01-06 07:43:00,Station_1,Station_9,1155,Customer,87059,1977,M
975,2022-01-02 22:56:00,Station_2,Station_10,1593,Subscriber,77017,1993,F
976,2022-01-15 19:43:00,Station_6,Station_9,1012,Subscriber,59528,1975,F
977,2022-01-18 17:00:00,Station_9,Station_10,1008,Subscriber,60442,1979,F
978,2022-01-23 00:24:00,Station_8,Station_6,1225,Customer,73274,1992,O
979,2022-01-27 23:21:00,Station_4,Station_9,1448,Subscriber,99372,1998,F
980,2022-01-12 22:35:00,Station_3,Station_1,1671,Customer,90356,1999,F
981,2022-01-04 10:43:00,Station_6,Station_10,1467,Customer,95678,1986,O
982,2022-01-04 10:52:00,Station_6,Station_8,1210,Customer,40576,1975,O
983,2022-01-06 20:21:00,Station_5,Station_9,1224,Subscriber,78378,1990,F
984,2022-01-18 18:07:00,Station_10,Station_5,1730,Customer,77333,1988,O
985,2022-01-19 00:51:00,Station_6,Station_8,1955,Subscriber,51026,1992,O
986,2022-01-17 18:41:00,Station_1,Station_5,1698,Subscriber,67458,1980,O
987,2022-01-17 11:31:00,Station_9,Station_5,1676,Customer,22016,1970,M
988,2022-01-22 10:06:00,Station_4,Station_9,1060,Customer,89564,1983,O
989,2022-01-29 11:51:00,Station_5,Station_2,1992,Customer,33659,1981,O
990,2022-01-27 07:24:00,Station_9,Station_9,1073,Subscriber,97162,1982,F
991,2022-01-15 02:01:00,Station_8,Station_8,1690,Customer,81742,1995,M
992,2022-01-19 05:13:00,Station_2,Station_5,1245,Subscriber,22350,1982,M
993,2022-01-06 04:38:00,Station_3,Station_10,1446,Customer,81249,1998,O
994,2022-01-13 23:55:00,Station_4,Station_3,1626,Customer,40790,1997,F
995,2022-01-14 06:08:00,Station_3,Station_2,1173,Customer,62377,1970,F
996,2022-01-05 04:17:00,Station_5,Station_1,1913,Subscriber,83505,1992,F
997,2022-01-19 13:12:00,Station_6,Station_4,1902,Subscriber,37368,1987,F
998,2022-01-07 03:29:00,Station_1,Station_2,1651,Subscriber,28790,1985,F
999,2022-01-12 14:49:00,Station_4,Station_4,1457,Customer,48687,1984,M
